Var1,Unnamed: 0,Low,Estimated price,High,Address,House number,Longitude,Latitude,Noise,Distance to road (meters)
0,0," 413,000 "," 434,500 ","456,000","26 Elizabethan Way, Stanwell, Staines-upon-Thames, TW19 7QN",26,-0.4773638,51.4515144,55.1177239944344,975.531433660461
1,1,"362,000"," 381,500 ","401,000","28 Elizabethan Way, Stanwell, Staines-upon-Thames, TW19 7QN",28,-0.4772835,51.4515455,55.1363505774572,977.48654700882
2,2,"404,000"," 425,000 ","446,000","30 Elizabethan Way, Stanwell, Staines-upon-Thames, TW19 7QN",30,-0.4771801,51.4515767,55.157720502108,979.107449357953
3,3,"393,000"," 436,500 ","480,000","32 Elizabethan Way, Stanwell, Staines-upon-Thames, TW19 7QN",32,-0.4770472,51.4516495,55.1779819348385,983.00480722781
4,4,"419,000"," 441,000 ","463,000","34 Elizabethan Way, Stanwell, Staines-upon-Thames, TW19 7QN",34,-0.4770582,51.4516464,55.1980538326408,983.039026890739
5,5,"413,000"," 435,000 ","457,000","36 Elizabethan Way, Stanwell, Staines-upon-Thames, TW19 7QN",36,-0.4769276,51.4516598,55.2178496574921,980.340279955069
6,6,"430,000"," 452,500 ","475,000","38 Elizabethan Way, Stanwell, Staines-upon-Thames, TW19 7QN",38,-0.4768377,51.4517145,55.2391031861979,983.087247728986
7,7,"357,000"," 376,000 ","395,000","40 Elizabethan Way, Stanwell, Staines-upon-Thames, TW19 7QN",40,-0.476733,51.4517529,55.2573184209898,983.824934638121
8,8,"370,000"," 389,500 ","409,000","42 Elizabethan Way, Stanwell, Staines-upon-Thames, TW19 7QN",42,-0.4766527,51.451784,55.2768387795607,984.605940267624
9,9,"368,000"," 387,500 ","407,000","44 Elizabethan Way, Stanwell, Staines-upon-Thames, TW19 7QN",44,-0.4765607,51.4518048,55.2963242871956,984.05058777084
10,10,"341,000"," 378,500 ","416,000","46 Elizabethan Way, Stanwell, Staines-upon-Thames, TW19 7QN",46,-0.4764922,51.4518461,55.3157694668231,986.289986915135
