Var1,Low,Estimated price,High,Address,House number,Longitude,Latitude,Noise,Distance to road (meters)
0,491000,546000,601000,"4 Zealand Avenue, Harmondsworth, West Drayton, UB7 0BN",4,-0.4747861,51.4838931,61.5602999583363,245.094776302887
1,423000,528000,634000,"5 Zealand Avenue, Harmondsworth, West Drayton, UB7 0BN",5,-0.4746822,51.4839038,61.5349435527616,246.34020343285
2,518000,546000,573000,"6 Zealand Avenue, Harmondsworth, West Drayton, UB7 0BN",6,-0.4746012,51.4838939,61.5098712549964,245.429369318248
3,527000,555000,583000,"7 Zealand Avenue, Harmondsworth, West Drayton, UB7 0BN",7,-0.4744625,51.4838944,61.484487724713,246.109385209895
4,539000,567000,595000,"8 Zealand Avenue, Harmondsworth, West Drayton, UB7 0BN",8,-0.4743708,51.4839359,61.458554906369,251.317793884328
5,503000,559000,615000,"9 Zealand Avenue, Harmondsworth, West Drayton, UB7 0BN",9,-0.4742314,51.4838954,61.4326317859008,248.089269969372
6,505000,561000,617000,"10 Zealand Avenue, Harmondsworth, West Drayton, UB7 0BN",10,-0.474139,51.4838957,61.4070699898462,249.155172304833
7,563000,593000,623000,"11 Zealand Avenue, Harmondsworth, West Drayton, UB7 0BN",11,-0.4740117,51.483886,61.3809316081313,249.784790156737
8,494000,549000,604000,"12 Zealand Avenue, Harmondsworth, West Drayton, UB7 0BN",12,-0.4739424,51.4838863,61.3549479823547,250.864892224069
9,505000,561000,617000,"13 Zealand Avenue, Harmondsworth, West Drayton, UB7 0BN",13,-0.4738155,51.483897,61.3291227861461,254.159077056163
10,547000,576000,605000,"14 Zealand Avenue, Harmondsworth, West Drayton, UB7 0BN",14,-0.4737231,51.4838974,61.3030401845965,255.935959990792
11,531000,559000,587000,"15 Zealand Avenue, Harmondsworth, West Drayton, UB7 0BN",15,-0.4735844,51.483898,61.2765209213071,258.879175387141
12,500000,556000,612000,"16 Zealand Avenue, Harmondsworth, West Drayton, UB7 0BN",16,-0.473492,51.4838983,61.2504605876461,261.008503839998
13,497000,552000,607000,"17 Zealand Avenue, Harmondsworth, West Drayton, UB7 0BN",17,-0.4733533,51.4838989,61.2237713123162,264.480662845854
