Var1,Low,Estimated price,High,Address,House number,Longitude,Latitude,Noise,Distance to road (meters)
0,458000,482000,506000,"30 Zealand Avenue, Harmondsworth, West Drayton, UB7 0BW",30,-0.4734927,51.4835486,61.9226300467767,224.754097509414
1,446000,496000,546000,"31 Zealand Avenue, Harmondsworth, West Drayton, UB7 0BW",31,-0.4734857,51.4835289,61.9377138340139,222.932275496049
2,448000,498000,548000,"32 Zealand Avenue, Harmondsworth, West Drayton, UB7 0BW",32,-0.4735781,51.4835286,61.9652402800667,220.428910515008
3,445000,494000,544000,"33 Zealand Avenue, Harmondsworth, West Drayton, UB7 0BW",33,-0.4737175,51.4835691,61.967452025318,221.256704238534
4,549000,610000,671000,"34 Zealand Avenue, Harmondsworth, West Drayton, UB7 0BW",34,-0.4738092,51.4835276,61.982170755126,214.854342722341
5,459000,510000,561000,"35 Zealand Avenue, Harmondsworth, West Drayton, UB7 0BW",35,-0.4738919,51.4836328,61.9957437148822,224.405506642646
6,536000,564000,592000,"36 Zealand Avenue, Harmondsworth, West Drayton, UB7 0BW",36,-0.4741105,51.4834555,62.0111888147459,201.536351738801
7,500000,527000,553000,"37 Zealand Avenue, Harmondsworth, West Drayton, UB7 0BW",37,-0.4741445,51.4835366,62.0253897655644,209.844353550125
8,474000,526000,579000,"38 Zealand Avenue, Harmondsworth, West Drayton, UB7 0BW",38,-0.4743094,51.4836389,62.0394328295372,219.066531007419
9,540000,569000,597000,"39 Zealand Avenue, Harmondsworth, West Drayton, UB7 0BW",39,-0.4743146,51.483574,62.0620680129307,211.869718995382
10,466000,518000,570000,"40 Zealand Avenue, Harmondsworth, West Drayton, UB7 0BW",40,-0.4744975,51.4835855,62.0671158421619,211.659788161804
11,522000,580000,637000,"41 Zealand Avenue, Harmondsworth, West Drayton, UB7 0BW",41,-0.4745275,51.4836198,62.0795217970187,215.294718212227
12,511000,538000,565000,"42 Zealand Avenue, Harmondsworth, West Drayton, UB7 0BW",42,-0.4746381,51.4836183,62.0939823028208,214.685330781244
13,503000,530000,556000,"43 Zealand Avenue, Harmondsworth, West Drayton, UB7 0BW",43,-0.4747443,51.4836056,62.1046484834205,213.10528803696
